userName,score,at,content
kenzo januzay,5,2026-06-11 06:16:35,gak pake potonv adm
Kuceng Keleson,5,2026-06-11 06:11:58,mantap min..... untuk transaksi amannn...
TOGE 96,1,2026-06-11 06:07:29,sudah 1tahun masih aja di BLOKIR akun GoPay. terbaik emang GoPay !
Alifian Satria,5,2026-06-11 05:59:33,sangat bagus untuk kebutuhan
muhammad Lutfi Arbain,4,2026-06-11 05:58:35,aplikasinya bagusbanget gais
Ahmad Muslih,5,2026-06-11 05:52:52,mantep simpel
Puji Puji sejahtera ketaten,5,2026-06-11 05:51:00,mantap
Rina Indriani,5,2026-06-11 05:49:12,ok
Alif Laroyba,5,2026-06-11 05:49:03,luar biasa
Asnan Purba,5,2026-06-11 05:49:01,keren
Zaki Ganteng,1,2026-06-11 05:48:20,gejelas admin slow respon mengadu buat cari solusi dicuekin
Veronika popy Popy,5,2026-06-11 05:45:26,nyaman di pakai buat transaksi loh
Muhammad Safei,5,2026-06-11 05:43:18,aplikasi yg sangat membantu
Tegex cusbylasaloyeg,5,2026-06-11 05:38:58,toparkotop laaahh
Hendra Afyudin,5,2026-06-11 05:36:31,"saya semakin suka dengan aplikasi ini, makin lancar dan sepertinya para ahli di aplikasi ini terus memperbaiki kekurangan.. semoga sekalian lancar berjaya selalu"
Arief Susanti,5,2026-06-11 05:36:00,sangat membantu
udin 45,5,2026-06-11 05:28:54,alhamdulillah di acc pinjaman buat berobat adik
Parta Guna,5,2026-06-11 05:27:42,Tingkatkan
Erman Rohman,4,2026-06-11 05:23:30,mantap
Boim Petir,5,2026-06-11 05:18:09,mantab
SIDIK FAMILIAR,5,2026-06-11 05:15:05,mantul pokok nya
Jha Mi,2,2026-06-11 05:12:28,"layanan di pinjam pembayaran selalu aman , pengajuan kembali malah tidak di acc"
Billeam Pernama,5,2026-06-11 05:11:23,ini menjadi salah satu apk transaksi online yang sangat cepat aman dan gak ribet best banget deh kalo top up game juga promonya gak main main. best lah ni gopay 👏👍
Makruf Harahap,5,2026-06-11 05:10:54,baik
Abdal Sukur,1,2026-06-11 05:08:42,"aplikasi gopay ini,mudan di bobol orang yg tdk dikenal/aplikasi PENIPU. SALDO SYA BISA HILANG. SYA TDK PERNAH MENGIKUTI PEMBAYARAN TIKTOK LIVE. ADMIN YA REPON LAMBAT"
Rianto naura sakina,1,2026-06-11 05:03:10,"foto selfie gak bisa, katanya pakai topeng. fisik jelek emang sulit, ribet"
Muhammad Rovfii,5,2026-06-11 05:03:04,bagus
JifiexFreefire 1902,5,2026-06-11 04:54:11,bagus
Erni Djuri,5,2026-06-11 04:53:18,proses transfernya berjalan dengan lancar.
Zendra Johan saputra,5,2026-06-11 04:48:14,terpercaya
Mustafa Cobra,5,2026-06-11 04:48:07,ewalet yg sangat bguss dan mantap menurut saya dari ewalet2 lainnyaa. gogi gopay
Dance Daniel,5,2026-06-11 04:39:51,terbaik!!
Sidik Fauzi,4,2026-06-11 04:37:44,nice
sultonmkmn,5,2026-06-11 04:37:14,bagus😁😁😁
Ismi Ismi,5,2026-06-11 04:35:47,bagus
ahmadallfi 14,5,2026-06-11 04:35:26,mantap
Rizki Tf,5,2026-06-11 04:34:42,Bagus
Agung Setiawan,5,2026-06-11 04:31:01,mantap
Kevin Fajrian,5,2026-06-11 04:26:20,aplikasi ini aman banget
Teh Ira,5,2026-06-11 04:24:57,👍👍👍👍
Iksan Putera,5,2026-06-11 04:22:50,mantap
Riya Riya,5,2026-06-11 04:21:02,bgus
Rizal Pratama,5,2026-06-11 04:19:32,ok
Somay Balap,2,2026-06-11 04:18:45,bagus
ariska putri,4,2026-06-11 04:17:49,bagus kenapa gak dari dulu aku punya
Rahman Aja,5,2026-06-11 04:14:13,wowwww
Dew Dew,1,2026-06-11 04:10:49,aplikasi yg tidak bertanggungjawab atas hilangnya saldo seseorang
Eka Khyla,5,2026-06-11 04:10:01,very good
Udin Saepudin,5,2026-06-11 04:09:28,gopay mantappp okee bagusss
khair ilham,5,2026-06-11 04:06:05,bisa buat top up dan isi data da sebagai nya
Alan Alan,5,2026-06-11 04:02:02,"praktis, transaksi cepat"
Iwan1806 Iwan,5,2026-06-11 04:01:13,top 1 wallet yg sangat mantap
Avid 17,5,2026-06-11 03:58:16,good
ZADAZZ M1887,5,2026-06-11 03:58:09,aplikasi ini sangat bagus
rasya GRACiO,5,2026-06-11 03:54:02,sangat cocok bagi pemula
Norlince Betty,5,2026-06-11 03:53:34,semoga aplikasi ini memudahkan saya sebagai penggunanya
Faj996 Mml,5,2026-06-11 03:51:37,jjinm
Sugito Sugi,5,2026-06-11 03:51:30,mantap lah
evan krisna,5,2026-06-11 03:49:25,selalu menggunakan tp tidak dpat hadiah
Ulum Pawenang520,5,2026-06-11 03:45:36,sangat membantu dalam segi pembayaran online
Ramdan Saputra,5,2026-06-11 03:42:16,mantap
Boyek Macaniin,5,2026-06-11 03:38:10,ok
Etna Wati,5,2026-06-11 03:37:08,keren
zofia 97,5,2026-06-11 03:32:49,I love it
Ardi Bae,5,2026-06-11 03:32:04,good
Abie Abyan,4,2026-06-11 03:31:29,bagus
"Dini Dini Frismawati, SE, MM",5,2026-06-11 03:30:21,ok
Jaya Alumunium,5,2026-06-11 03:22:43,gopayyyyyy loppp youuuu
Pakerikasli,5,2026-06-11 03:14:43,Meskipun perdana namun layanan sangat prima
Muhammad Alfi Syahril,1,2026-06-11 03:10:06,"GOKIL ASLI Baru kli ini dibikin ribet sma ni aplikasi, duit gue nyangkut diproses padahal gue ada kebutuhan, dan adminnye suruh nunggu 2 hari, asli bener"" kecewa banget gue"
Lukman Sardi,5,2026-06-11 03:09:50,sangat baik
Miki Mardela,5,2026-06-11 03:07:00,gooddd bangett penggunaan aplikasinya
Dara Atimah,5,2026-06-11 03:01:48,bagus sekali
fanda tanu,5,2026-06-11 03:01:05,bagus
Remasut Al-Baghdadi,5,2026-06-11 02:58:54,"cepat, mudah gak ribet"
ikok widaningsih,5,2026-06-11 02:57:17,"alhamdulilah nyaman pakenya gampang cairkan nya mau tranfer apa qiuris, mempermudahbuat kami emak emak👍"
Anak Medan,5,2026-06-11 02:56:53,mending aplikasi ini dari pada dana biar support Indonesia Ayo kurangi belanja di shopee pakai Tokopedia karena Indonesia punya. Tokopedia didirikan oleh William Tanuwijaya dan Leontinus Alpha Edison pada 6 Februari 2009. #Sellsingapure
Mas farel Clirot,5,2026-06-11 02:56:46,enak bagus
Ara Ara Ra,5,2026-06-11 02:56:03,mantap
Rita Ade,5,2026-06-11 02:53:21,sangat bagus dan mudah pake aplikasi GoPay
Tenggo Saskia,5,2026-06-11 02:52:49,terbaik
_aqfa21,5,2026-06-11 02:52:42,aplikasi nya sangat baik untuk kita semua
Qurrota A'yun,5,2026-06-11 02:51:38,😘
Andy Gunawan,4,2026-06-11 02:51:31,Alhamdulillah mantapp
Santo Juna,5,2026-06-11 02:49:36,sangat bagus dan oke Poko y
Juliana Pakpahan,1,2026-06-11 02:47:31,"saldo tiba2 hilang dan tidak ada di riwayat transaksi, komplain ke call center tidak ada solusi hanya menjawab tidak bisa pengembalian dana. saran ga ush pake layanan ini lagi , merugikan"
Muhamad Nur,5,2026-06-11 02:47:15,bagus
Maya Usman,5,2026-06-11 02:46:40,"ok trimakasih telah membantu kami,telah membantu."
Rani Selviani,5,2026-06-11 02:33:27,"makasihh gopay, hadiah event ramadhan nya bnran dikirim. kirain boongan😭 aku dpet keyboard gaming logitech😭😭"
Ratono,4,2026-06-11 02:32:59,🙏👍👍👍👍✌️👌
Sum Sumani,5,2026-06-11 02:30:31,bagus dan terpercaya mantap pokok nya
Bagja Prayugha,5,2026-06-11 02:29:04,Oke gassss polllllll
Andi batara Andi,5,2026-06-11 02:05:25,baik
Redmi,2,2026-06-11 02:00:40,keren
idris black,5,2026-06-11 01:59:20,iy
Agus Prayono,5,2026-06-11 01:53:49,bagus untuk kemajuan bangsa
Nugie Reynaldi,5,2026-06-11 01:52:37,terbaik pokok nya
Lois Lois,5,2026-06-11 01:49:37,sangat baej
rifda ely,5,2026-06-11 01:46:20,lancar jaya
setiyanto sty,5,2026-06-11 01:38:15,tetap ok
Perdi,5,2026-06-11 01:38:08,bagus
Supiati Suparman,5,2026-06-11 01:32:29,mantabbbb
Irawan Bayu,1,2026-06-11 01:29:27,gopy tidak aman
Hafizah NUR,2,2026-06-11 01:27:30,gk bisa tarik Tunai udah lebih dari seminggu Masik aja dokumenmu lagi diupload
boby marlan,4,2026-06-11 01:25:06,mudah dan nyaman
Acilxtalon Aro11,5,2026-06-11 01:20:08,sangat puas
Arrazi,5,2026-06-11 01:19:17,sangat puas
binbintang bintang,1,2026-06-11 01:18:00,sinyal lancar tp gangguan teknis terus
Ketut Agus,1,2026-06-11 01:04:06,tiba tiba ada pembayaran berhasil ff max ga jelas
Nyoman Maha Budhi,5,2026-06-11 00:59:23,keren. sangat efektif
Sadhu Zaim,5,2026-06-11 00:59:14,mantap
hunter love,5,2026-06-11 00:56:55,luar biasa
Muhamat Matia,5,2026-06-11 00:56:37,keren
Siti umayah,5,2026-06-11 00:55:10,gampang sekali pake gopay sat sit set tanpa nunggu lama transaksi cepet ada casbacknya juga segala jenis transaksi semuanya ada top deh pokonya sangat membantu.
Ihsan Febriansyah92,5,2026-06-11 00:53:59,bagus banget
Akira Saionji,5,2026-06-11 00:49:05,urusan bayar-bayar dan transaksi online semuanya jadi lebih mudah.
Budi Prajoko,5,2026-06-11 00:48:47,moga berkah.. sukses lancar slalu 🙏
Rindusaputra Saputra,5,2026-06-11 00:33:44,belum bisa di buka fitur pinjaman
Wahyu Candra,5,2026-06-11 00:26:02,bagus
Devi Shiva Nur Padilah,1,2026-06-11 00:20:02,"Jangan pake gopay aku top up saldo udah seminggu ga ada masuk sampe sekarang, terus banyak yg beli pake qris banyak yg ga masuk"
Natiq Maria ulfah,5,2026-06-11 00:19:20,"bagus, efektif, i love it."
fjay Zg,5,2026-06-11 00:18:04,Okey
Faisal Al zena,5,2026-06-11 00:16:21,bintang yg bicara
Ramdan,5,2026-06-11 00:14:52,ok
Bambang Karyawan2,5,2026-06-11 00:12:49,gopay sangat bagus mempermudah atur keuangan
Susanti Aprida,5,2026-06-11 00:10:27,aplikasi untuk mempermudah
Anisah Anisah,5,2026-06-11 00:01:31,bagus bngt
Tomi Meldyan,5,2026-06-11 00:00:32,gopay ook
Septi Ana,5,2026-06-11 00:00:00,alhamdulillah cepat prosesnya..
Dzikri Akbar anshori,1,2026-06-10 23:58:03,"bukan nya nambah limit,malah limit di bekukan semntara waktu . aplikasi apa ini . lunasi cicilan jauh sebelum tgl jatuh tempo . ehh malah ga dapet limit lagi.. ga kebalik tuh minn 😁😁😁😁😁😁.."
muhammad rifandi,5,2026-06-10 23:56:30,"padahal sy pengguna aktif di gopay, smuanya serba mudah utk bertransaksi, transfer dll, tp sayangnya sulit saat pengajuan paylater atau pinjaman, sangat sulit, selalu mencoba selalu gagal, cba di evaluasi lagi ya,"
Ahmad Safrizal,5,2026-06-10 23:55:04,makasih
Zoyaa 25,5,2026-06-10 23:54:40,muantapp poollll
Azzam Sulaiman,5,2026-06-10 23:46:15,ganass
Sutisno Sutisno,5,2026-06-10 23:46:12,cepat mudah bebas bea admin
Yanuar permadi Yanuar permadi,3,2026-06-10 23:44:47,Ok
Rudi Ulan,5,2026-06-10 23:43:13,Bagussss bangettt
ritta Nia,5,2026-06-10 23:35:55,luar biasa mantab
don retro,5,2026-06-10 23:31:28,sangat sangat membatu dlm keuangan terima kasih gopay
secrett,1,2026-06-10 23:28:23,aplikasi ngga jelas saya top up ngga masuk masuk saldonya padahal sudah ada keterangan berhasil dan nomor tujuan jga bener
Efi Yuliana siregar,5,2026-06-10 23:26:36,bagus
Zaki Hikmah,5,2026-06-10 23:22:43,baguss
Sony Kuncoro,5,2026-06-10 23:20:59,sangat bagus
Andri Triawan,5,2026-06-10 23:18:33,ok
Iqbal Rasyid,5,2026-06-10 23:14:15,keren
Sandi Kelana,5,2026-06-10 23:06:02,"mantap, cepat dan murah"
Maulana Syarif,5,2026-06-10 22:58:47,bagusssss
Algola Noortian,5,2026-06-10 22:55:37,gopay memang hebat memberikan pelayanan yang menyenangkan maju terus gopay
Alfarisi Rihci,5,2026-06-10 22:48:37,sempurnaaaaaaaa...
Azis Dilah,5,2026-06-10 22:44:01,murah²
DoInTheHome,5,2026-06-10 22:43:22,oke polll
Wahyu Selow,5,2026-06-10 22:39:18,mudah bangett cara pakai nya dan gak bikin ribet
Indra Saputra,5,2026-06-10 22:34:57,keren
BOBY BBOBY,5,2026-06-10 22:32:30,sangat bagus dan membantu
Victor Aminricho,5,2026-06-10 22:29:28,sangat baik sekali
Syakira,1,2026-06-10 22:24:59,"abis ngisi e-money sebanyak 150 ga masuk, tp kata gopaynya udh masuk. eh!! gw yg udh cek saldo dr kemarin ga masuk2 jir, harus isi lg ke Indomaret, tolong ya masa hrs viral dl br balik duitnya?"
dayan keroya,4,2026-06-10 22:24:37,sangat puad
Joni Ardiansyah,5,2026-06-10 22:23:17,sgt membantu
Bang broeh,4,2026-06-10 22:19:56,semoga kedepannya layanan gopay bisa lebih baik lagi dan menjadi saldo tetap aman 🙏
agus lagih,5,2026-06-10 22:12:32,mantab
Adhitya Wahyu,5,2026-06-10 22:04:45,goooddddd
S҉I҉M҉F҉O҉N҉I҉_҉H҉I҉T҉A҉M҉95 “𓆏”,5,2026-06-10 22:03:20,𝗠𝗔𝗡𝗧𝗔𝗣
Akbar Ahmad,5,2026-06-10 22:00:39,bagis
Rusni Enni,5,2026-06-10 21:38:36,untuk saat ini oke
tiktok_hot 69,5,2026-06-10 21:26:53,keren
Resky Eki,1,2026-06-10 21:22:53,mantap
Aswar Anas,5,2026-06-10 21:22:33,gak ribet
Dewi Lestari,5,2026-06-10 21:20:10,mudah din pahami
Elang Perkasa,5,2026-06-10 21:13:15,pinjaman tolong di setujui boss..gopay pinjam
Al Galang,5,2026-06-10 21:05:36,sangat membantu
IDA LAELAH87 ELAH,5,2026-06-10 20:57:40,memudahkan transaksi berbelanja atu pun kirim uang untuk keluarga
Rihsan Hrndsyh,1,2026-06-10 20:41:26,"mau login akun aja ribet padahal sayah sudah top up saldoo malah ga bisa masuk akun nyaa, malahh di suruh minta kode OTP sedangkan kode OTP nya ga muncul muncul, lebih baik pake apk ewalet sebelah ajahh ga ribet"
kunyuk PEA,5,2026-06-10 20:16:44,sangat membantu..tapi untuk paylater nya akun saya di tolak terus.. gabisa di pake untuk paylaternya😞🤦
AF Home,5,2026-06-10 20:12:22,👍
Hari Yanto,1,2026-06-10 20:11:28,sayang cuma 1 yang kurang baik. TF ke Dana jam 11: 00 malam tidak. bisa transaksi
Reza Pratama,1,2026-06-10 19:58:35,sayang ngalamin top up gopay dari dana sudah berhasil tapi di gopay g masukk sama sekalii payahh kapok pake gopayyy
Izzah Tanjung,1,2026-06-10 19:47:58,coin gopay udah 5 hari gak bertambah
Vitalis Akere,5,2026-06-10 19:44:33,mantap
Rudi Mondi,5,2026-06-10 19:43:52,mantap
Nazma Azzahra,1,2026-06-10 19:35:30,"gagal transaksi E-money, uang Angus. di sistem nya transaksi berhasil tapi saldo E-money nya gak nambah,, jawaban nya kesalahan pelanggan,,"
Deni Saputra,5,2026-06-10 19:28:01,mantap
Ari Widodo,5,2026-06-10 19:23:01,super
Yoga Ars,4,2026-06-10 19:19:54,coba dulu. dapat keuntungan apa aj dari gopay
Mas Andri,5,2026-06-10 19:16:15,sangat baguss..
Nosye Novisa,5,2026-06-10 19:12:46,bagus sangat membantu dalam pembayaran
asmudin alfaqir75,5,2026-06-10 19:08:49,sangat membantu sangat oke
M Ramdani,5,2026-06-10 19:07:17,oke
Zaky Enjan,5,2026-06-10 18:58:38,sangat baik
ALIF CHESTER,1,2026-06-10 18:58:34,"tambahkan cara mendapatkan otp melalui gmail yg terkait saat ganti pin,,,,, nomor saya telah hilang dan saya lupa pinnya"
Muhammad sari Affandi,5,2026-06-10 18:55:34,sangat bermanfaat buat sehari hari
Ari Ari,5,2026-06-10 18:50:19,banyakin bonus nya bos'ku
Arfan Rmdhn,5,2026-06-10 18:49:08,ok
unggil 608,5,2026-06-10 18:48:14,saya sangat suka dengan layanan gopay
Amirul Khotman,2,2026-06-10 18:45:44,sayang pengajuan pinjaman nya susah harus bagaimana
LUKMAN S,1,2026-06-10 18:40:10,"kalo tew harus ama Adakami mending g jdi aja, bunga tinggi, penagihan belom jatuh tempo uda ditagih, dibayarkan sebelum jatoh tempo jga ga ada feedback positif. Mohon dibenahi dlm bermitra 🙏🏻"
Imron Ruslani,5,2026-06-10 18:38:37,sangat berguna
Ahmad Ayah,1,2026-06-10 18:38:21,aneh saya lunasin lebih awal tp pinjam lagi malah gk di acc
Dika Andika,5,2026-06-10 18:32:18,mantab
Gunawan Chandra,5,2026-06-10 18:29:36,good
Ancis Weking,5,2026-06-10 18:28:17,paling nyaman
Muhammad Syafi'i,5,2026-06-10 18:21:22,👍👍👍👍👍
Erwin,5,2026-06-10 18:01:11,terima kasih
Anduk Pulau,1,2026-06-10 17:48:57,ujang suriyanta
Eni Endriyani,5,2026-06-10 17:32:56,ok deh
Rama Tami,5,2026-06-10 17:30:10,like
Nana Ester,5,2026-06-10 17:26:53,buyyy indonesiaaa
Banggoea Sibarani,5,2026-06-10 17:26:45,mantap
Duduh Durahman,5,2026-06-10 17:24:41,Cukup bagus
Jangga Baru,5,2026-06-10 17:22:59,bagus
Achmad Fahim,5,2026-06-10 17:22:22,bagus dan mantap lancar jaya
Pemas Panas Demam,5,2026-06-10 17:18:39,bagi saldo gopay
Hendra Kusuma,5,2026-06-10 17:17:24,bagus dan simple
٭ОNEPIECE_亥٭,5,2026-06-10 17:15:40,"DATE CANCELLED! Following medsos-nya gak aneh-aneh, kalo call suaranya soft-spoken, udah mau jemput pas first date. Tapi pas aku ajak nge-date ke taman… dia bilang takut serangga! Padahal kalo GoPay ketemu serangga, prinsip hidupnya: maju lo semua! Buktinya, di versi ini, semua bugs udah dihempas tuntas. Cus, upDATE gak sih"
Arwahwhite Cinyo,5,2026-06-10 17:15:09,"mantab tanpa ribet transfer kemana"" tinggal klik smapai tujuan tanpa pending....mantul"
Jeremia Manik,1,2026-06-10 17:12:24,untuk mengubah nomor hp lama ke yang baru sangat ribet dan pin tidak bisa sama dengan ultah jadi makin ribet dan gampang lupa
Suratman Prabu,5,2026-06-10 17:10:18,gopay lebi baik
asma wijaya,3,2026-06-10 17:02:42,Gopay Memang Hebat
aim pati,5,2026-06-10 17:00:52,membantu bertransaksi
Army Aziz,5,2026-06-10 17:00:24,"dicoba dlu, semoga mantap"
Abdul Munir,5,2026-06-10 17:00:23,keren habis
wahyu rahmat,5,2026-06-10 16:58:26,berguna dan banyak promonya
Aariskicomel,5,2026-06-10 16:55:44,terbaik
Yahyaanugrah Tarakan,5,2026-06-10 16:54:21,Bagus
Enoh Ayizim,1,2026-06-10 16:50:41,naziiis
Gulu Maja Huma,5,2026-06-10 16:49:59,oke mantap
Lindah Sianturi,5,2026-06-10 16:49:45,mantap
Iphay Iphay,5,2026-06-10 16:46:10,oke mantap
Abdul Goni,1,2026-06-10 16:44:02,kurang respon dalam menanggapi masalah
Achmad Sochib,1,2026-06-10 16:42:57,Makasih 👍
Ahem Hideung,5,2026-06-10 16:37:45,sangat bagus
Dildil Mfahhh,5,2026-06-10 16:35:02,"sangat baik, semoga ke depannya lebih baik lagi"
Ahmad Yani,1,2026-06-10 16:27:55,gw top up belum kembali duit gw di gopay nya sudah terpotong tapi di kartu e-money nya gak ada bikin kapok
Bahlil Bah,1,2026-06-10 16:27:02,gopay ap an kaya gini. isi saldo aja dari tanggal 27 sampai sekarang engga ada masuk2. menu bantuan nya engga jelas juga jawap nya
Imam Sanjaya,5,2026-06-10 16:25:33,pokoknya puas banget ga tertarik sama yg lain
ZAKI KI,5,2026-06-10 16:24:19,mantap
Tommy Ay,5,2026-06-10 16:20:42,Gopay emang mantap dech...👍👍👍
Indera Permana,5,2026-06-10 16:19:06,sangat membatu trimakasih gopay
suwinto,5,2026-06-10 16:18:20,ok
Faisal Antoni aprilia,5,2026-06-10 16:17:37,bagus
juragan pasar,5,2026-06-10 16:14:40,sangat membantu buat transaksi
murni indah,5,2026-06-10 16:09:20,ok
Eny Anggraeny,5,2026-06-10 16:09:12,memudahkan segalanya
wibi kinger,5,2026-06-10 16:08:34,baik
Ninja Hitam 07,5,2026-06-10 16:07:13,bagus
Mohammad Zalfa,5,2026-06-10 16:06:18,thanks developer Apk gopay emang PERFECT🥰🥰🥳🤩
Hoki Gue,5,2026-06-10 16:05:31,Mr zuckberzg okta
bakri dg mangung,5,2026-06-10 16:05:03,app maknyus...
Zevana Syakila,5,2026-06-10 16:05:01,bangat bagus dan cepat
Selvi Ana,5,2026-06-10 16:02:17,Aplikasi bagus 👍👍
Atta Jibran,5,2026-06-10 15:54:28,aku ingin uang tunai 10jt
Andy Andy,5,2026-06-10 15:51:32,ada saldo buat kepepet pada limit 1jt
Music Dj Channel,5,2026-06-10 15:47:37,mantep dah pokoknya
Teten Sutendi (Tendy),5,2026-06-10 15:44:27,sangat memuaskan
Dwi Puspitasari,5,2026-06-10 15:41:58,Keren! 🫶👍
Yogi Hardandi,5,2026-06-10 15:40:08,transaksinya cepat
M Adiey,5,2026-06-10 15:39:58,baik
Wawan Yulianto,5,2026-06-10 15:38:43,bagus skli
Anton Malindu,5,2026-06-10 15:34:57,"terimakasih aplikasi Gopay segala transaksi sy lebih mudah, cepat, dan praktis 👍👍👍"
Syifa Safira,5,2026-06-10 15:29:11,good
Arhan Ahmadbaihaqy,5,2026-06-10 15:19:48,bagus.
Dimas Wibowo,5,2026-06-10 15:16:54,bagus
Monik Monika,2,2026-06-10 15:12:06,selama saya pakai gopay beberapa tahun ini bagus.....terus kenapa ini tadi tiba-tiba saldo saya hilang begitu aja
Riski HIdayatullah,5,2026-06-10 15:06:59,saya suka
Yanto Susanto,3,2026-06-10 15:03:57,sangat puas
Putra Muhamad,5,2026-06-10 15:03:17,Bagus
Single Dad,4,2026-06-10 15:02:57,bagus
Budi Kendang,5,2026-06-10 15:01:41,jos jis
Erik Simanjuntak,1,2026-06-10 14:59:49,pemotongan saldo dari google play tapi tidak pernah berlangganan. penyelesaian dari pihak gopay juga tidak ada
Aditaka,5,2026-06-10 14:56:37,aplikasi komplit joss
ego maulana ego Maulana,1,2026-06-10 14:56:35,jang pernah nyimpan uang di gopay..karna saya sendiri mengalami hilang uang di gopay setiap saya top up
Ardi Ansyah,5,2026-06-10 14:51:54,mudah aksesnya
banyumudal pride,5,2026-06-10 14:50:57,bagus lah ini aplikasi
Dinda Jelek,5,2026-06-10 14:49:23,peraktis
Erlander Buho,3,2026-06-10 14:47:28,karna tidak mendapatkan pengembalian dana
El Zidane,5,2026-06-10 14:43:08,bagus bgt
muhammad alcaesar salsam,5,2026-06-10 14:41:45,bagus bet bisa taro uang di gopay baru bisa juga ditarik uangnya di indomaret dan Alfamart👌👌
Nur Aidah,5,2026-06-10 14:38:26,sellu Amanh ya minn..trimaksih qtas pelayanannya
Soetriz Goeng,4,2026-06-10 14:38:05,praktis dan cepat lancar transferan ..smoga tetap gratis transfer bank lain nya...
Natasya Anggraini,1,2026-06-10 14:37:07,game judol
Jabal Rahma,5,2026-06-10 14:37:03,luar biasa dan simple
Bela Syarma,5,2026-06-10 14:35:52,Mantap jaya
Hadani Jepara,5,2026-06-10 14:34:40,good
Maman Sulaeman,4,2026-06-10 14:32:27,bagus
Agustinus Lagantondo,5,2026-06-10 14:32:26,sangat bagus
Asep Barhoya,5,2026-06-10 14:31:28,ok
Fiah Gemoy,5,2026-06-10 14:31:24,bagus
Kuotakita sukses,5,2026-06-10 14:27:59,sangat membantu
Ramli Taubat,5,2026-06-10 14:24:52,bagus mantap banyak gratis transfernya
Arly Bule,5,2026-06-10 14:22:25,bgus
HELMI BADSYAH,5,2026-06-10 14:21:49,Bagus aplikasinya
Yudi Bahtiar,1,2026-06-10 14:17:03,"go pinjam DC nya gak ngerti soal nagih,Seperti DC lapangan aja pdhal DC online wkwkwk tolong diperbaiki kinerja DC nya om,Supaya mengingatkan Orang pembayaran itu yg baik,bukan Seperti itu!"
mokos Danzo,5,2026-06-10 14:15:40,kenapa tidak mau scan wajah
irham maulana,5,2026-06-10 14:15:34,good
Tedi Supriadi,5,2026-06-10 14:15:10,bagus
Irvan Maulana,5,2026-06-10 14:12:50,mantull
Zwa Beo,5,2026-06-10 14:07:16,jadi GK boros
Muhamad Azuan,5,2026-06-10 14:03:39,sangat baik
JAMIRIL,4,2026-06-10 13:59:38,makasih
Kholil Khiyaril mustofa,1,2026-06-10 13:59:12,saldo saya kesedot mengajukan refund tidak di gubris parahh
sury A,1,2026-06-10 13:58:21,apk sering terjadi kendala
Pamuji Widodo,5,2026-06-10 13:56:03,murah
Simon Petrus Sige,4,2026-06-10 13:54:52,Terimah kasih smua sudah membuat sya Jai sangat puas
Fall,5,2026-06-10 13:53:09,goodd!! 👌
Main Game,5,2026-06-10 13:51:00,mudah digunakan dan semoga amanah
Iman Santoso,4,2026-06-10 13:50:40,Gangguan teknis terlalu lama
Handi Septian (Han's),5,2026-06-10 13:48:09,cocok buta menabung dan transaksi ..lebih mudah gak nyesel download aplikasi ini
Parveen Fernandes,4,2026-06-10 13:47:11,sayang
Muhammad Yance,1,2026-06-10 13:47:10,sekarang apl ini jelek sering gangguan padahal jaringan bagus aja
Mandala Sari,5,2026-06-10 13:46:40,sangat baik
Putra.aja.123ff Ezz,5,2026-06-10 13:41:45,bagus bagus qja
Mita Aurel,1,2026-06-10 13:37:42,nyesal gue Cok download duit ku hilang total gara2 aplikasi gopay nggak bertanggung jawab lagi ajingg lahhh😭ini minta pertanggungjawaban malah di blokir 😭😭
Aldrin Soedira,5,2026-06-10 13:35:48,sudah ok dipertahankan apa yg sudah baik
Apis Apid,5,2026-06-10 13:34:44,pinjam susah aplikasi gembel
Dhimang Sidrap,5,2026-06-10 13:34:15,sangat membantu
Evi Sari,1,2026-06-10 13:27:52,sudah 2 kali uang di gopay tiba tiba tersedot dengan jumlah yang lumayan besar bagi saya yaitu yang pertama 75 ribu dan kemarin 82 ributanpa ada konfirmasi pin atau password
Vander,1,2026-06-10 13:26:56,"kecewa gopay pinjam, pinjam pertama lancar tanpa ada keterlambatan sama sekali. pinjaman ke 2 dan 3 di tolak qlas skor kredit. unistal gopay mengecewakan"
agung86kusuma,5,2026-06-10 13:25:22,"apk nya bagus, gak ada iklan, mantap pokonya👍"
siti kaylani,5,2026-06-10 13:24:02,sangat bagus
Delvi Delvi,5,2026-06-10 13:22:24,mantap
Yoko Muriasole,5,2026-06-10 13:22:00,amazing sekarang
Young Boy,5,2026-06-10 13:19:38,great apk
Arya cipta nugraha,5,2026-06-10 13:19:35,A5 pokoknya
rafarfnww,5,2026-06-10 13:18:23,mantap
ikhwan nudin,5,2026-06-10 13:14:11,proses cepat
Fathur Roji,5,2026-06-10 13:12:42,sangat cepat dan baik
Muhamad Syamsul Huda,5,2026-06-10 13:12:21,ok mantabs
saepul hayat,5,2026-06-10 13:07:05,sangat baik
Revan Afandi,1,2026-06-10 13:07:03,cs nya sangat buruk saran pake dana aja
Benny Guttom,5,2026-06-10 13:06:00,ok .GBU
Zelia zell,4,2026-06-10 13:02:58,bagus
syakirul anam,5,2026-06-10 13:00:46,lebih oke kalo gda limit
Riki Caniago,5,2026-06-10 13:00:42,aplikasi yang sangat membantu dalam hal apapun...
Sulastri,5,2026-06-10 12:57:51,adanya alpakasi ini menbantu saya banget
Cua Prdn,4,2026-06-10 12:56:29,terbaik
Mhmmd Hisyam,5,2026-06-10 12:56:06,sangat murah pembelian di gopayy
Retrayy Lawliet,5,2026-06-10 12:55:49,bagus dan cepat
Asdi Dani,5,2026-06-10 12:55:25,saya sangat puas dengan apk gopay . tanpa kuota bisa transaksi 👍👍👍
Zainuddin Ikhsan,4,2026-06-10 12:55:06,bagus
Mang Iyad,5,2026-06-10 12:50:15,e-wallet gopay ini sangat bagus dan sangat praktis untuk digunakan penarikan atau pembayaran
Hendry 7,2,2026-06-10 12:49:39,Udah lunas gak bisa ajujn lagi..huh
Toko ku,5,2026-06-10 12:46:48,ok
Pengguna Google,4,2026-06-10 12:44:00,nice
Zizzo natta,5,2026-06-10 12:43:18,nice
Apud Thea,5,2026-06-10 12:43:12,gopay memang keren
Uneth parker,5,2026-06-10 12:41:59,mantap ini mudah di pakenya
Suparni Parni,5,2026-06-10 12:36:35,mantap serbaguna dan mudah
Ronall Persib,1,2026-06-10 12:29:35,sangat buruk
AMBO UPE,5,2026-06-10 12:29:11,Sangat membantu
Cik Min,1,2026-06-10 12:23:52,👎
kuswata,3,2026-06-10 12:19:23,bagus
Ade ananda Ade ananda,1,2026-06-10 12:19:14,tidak aman saldo saya sudah lebih tiga kali di pakai seseorang
Choirulakbar Akbar,5,2026-06-10 12:16:41,josss
parluhutan hasibuan,5,2026-06-10 12:15:42,gopay mudah tampa ribet gopay adalah saku ku
Rasya Pratama,5,2026-06-10 12:12:25,josssssssssss bangettt
Roni Rohim,5,2026-06-10 12:03:52,sangat membantu
Rabitha Studio,5,2026-06-10 12:02:29,gopay nyaman..tq gopay
Isma Wati,5,2026-06-10 11:54:58,semoga tetap amanah
Adi Brotoatmojo,5,2026-06-10 11:54:34,"walau pun susah masuk kan akun tapi selama ini no problem wajar buat lansia seperti saya ini oke lah, mungkin pihak gopay nya nggak yakin usia 70 pakai gopay."
JAM AT,5,2026-06-10 11:54:02,sangat membantu sekali dalam bertransaksi
ANWAR SBY,1,2026-06-10 11:52:24,Saya transfer dari gppay ke rek bank dipersulit.. pada hal nama akun dan rek sama. minta foto KTP dan selfi.. alasan signal dan minta foto selfi terus.. payah..
La Malogae,5,2026-06-10 11:51:19,Sangat membantu
Davin Tasya,3,2026-06-10 11:50:39,"sudah di lunasin, pembayaran tidak pernah telat,pas di ajukan lagi tidak bisa di tarik, katanya coba lagi bulan depan,kecewa sama gopay"
Eka Octa Sari,5,2026-06-10 11:50:24,good
Arip Proart,5,2026-06-10 11:49:34,nice
Tuti Nurhayati,4,2026-06-10 11:49:28,praktis pokoknya pakai ini di jamin aman
Kmus Lih,5,2026-06-10 11:48:55,kebantu aplikasinya
hamidi hamidi,5,2026-06-10 11:48:50,Manap
wulan jamet,1,2026-06-10 11:45:01,"bisa pinjam nya cuma 1x aja.. pinjaman di lunasi 3 Minggu sebelum jatuh tempo, pas mau pengajuan lagi malah di tolak.. dan di suruh nunggu 3 bulan yang belum tentu di ACC juga"
Imam Sudeni,5,2026-06-10 11:44:02,mntap
Mohammad Ridho,5,2026-06-10 11:39:52,mantap
Athar Raly,4,2026-06-10 11:37:37,oke banget sangat bagus
Ana Kurnia,5,2026-06-10 11:35:36,min saya udah pakai gopay 3 tahunan. masa belum acc gopay pinjam sih. coba aja kasi limit kecil dlu. nanti sy buktikan skor kreditnya bakal bagus
Senivera Amalia,2,2026-06-10 11:32:40,"halo min ini kenapa y gopay ku stuck di logo terus, pdhal jaringan udah bagus saya mau ambil uang saya yang ada di gopay jadi ga bisa tolong min"
Ramdhani Nugraha,5,2026-06-10 11:31:27,sukses terus maju pantang menyerah
Ini_newbies Aku_akbar,5,2026-06-10 11:26:21,No comment Aplikasi sejuta umat
Muhtar Basan,5,2026-06-10 11:24:56,sangat mudah untuk di aplikasikan
Ade Adel,5,2026-06-10 11:24:48,tebaik sangat bagus digunakan
Bege Nabhel (Nabel),5,2026-06-10 11:24:38,sangat membantu
Wulan Purnama indah,1,2026-06-10 11:23:38,ngeleh eror.....
Cebo Bokong,1,2026-06-10 11:21:30,"sangat tidak memuaskan,masah akun kita kena blokir,kita telah laporkan malah ngga di tanggapi emang ngga bener ini apk"
Bambang,5,2026-06-10 11:20:35,aplikasinya mantap
Nadira Dira,1,2026-06-10 11:18:35,tidak rekomendasi
Arya Rayya,5,2026-06-10 11:18:15,bagus karena bisa buat beli jajan
Djanim Ups,5,2026-06-10 11:17:39,good
Alrandy Putra,5,2026-06-10 11:14:30,sangat bagus
Fauzi,5,2026-06-10 11:13:09,layanan nya bagus
dewa ergo,5,2026-06-10 11:06:47,godd jobb
Ibrahim Hanif,5,2026-06-10 11:02:29,mantap dan terpercaya
Erik Heriyan,4,2026-06-10 11:01:01,sangat membantu transaksi
Mamaz Mamaz,4,2026-06-10 10:59:27,teransaksi lebih gampang
Ridwan,5,2026-06-10 10:58:33,"woi Min kenapa gw gak bisa masuk ke gopay pet loading terus dan mau main block puzzle juga gitu loading terus yang lainnya juga sama, gw gak bisa ngapain ngapain, tolong Min update lagi dan perbaiki, update lagi ya😭😭😭, soal nya gak bisa top up game lagi gw 😭😭😭😭😭"
Arif Yulianto,5,2026-06-10 10:52:58,cepat dan gratis
Agus Subhan,5,2026-06-10 10:50:54,ok
Muhammadfardhen JanuarArif,5,2026-06-10 10:44:44,aplikasi ini bagus sekali ada game nya saya suka main gopay pet sangat seru sekali maka itu saya beri 🌟 5
Bang Gono,5,2026-06-10 10:44:41,Bagus
Dicky Junedi,5,2026-06-10 10:44:07,gopay memiliki cara pendaftaran yang bagus serta efisien dan tepat sasaran
Nurfatoni Ipunk,4,2026-06-10 10:40:52,baik
Misraji,5,2026-06-10 10:34:02,yaa begitulah
zidangandalang,5,2026-06-10 10:33:23,baguss
Ridwan Jr,5,2026-06-10 10:32:15,Dompet digital yang sangat banyak manfaatnya
Roy Saputra,1,2026-06-10 10:31:59,"gopay gak cocok diskriminasinya Pinjaman juga zonk , aplikasi taiiik ini hnya di gunakan untuk jasa grab saja ... aplikasi taiiik"
aditia aditia,5,2026-06-10 10:31:45,ok
Gondrong Banget,5,2026-06-10 10:30:33,"puas lancar jarang pending,,"
rajova wijana,5,2026-06-10 10:26:45,"bagus bgt aplikasi nya, mudah digunakan"
Hadi Fadillah,1,2026-06-10 10:21:05,"gopay anj, ak udh top up gopay tp ga masuk masuk anj"
Alzura Baturaja,5,2026-06-10 10:14:28,👍
Dhimas Rakha,5,2026-06-10 10:14:06,good applikasi
Dwi Winarni,5,2026-06-10 10:13:43,"transaksi dengan gopay sangat mudah dan banyak promonya, proses cepat👍👍"
kiki ira,1,2026-06-10 10:13:27,apk tidak bermanfaat apk yg menyusahkan! padahal byaran tidak pernah telat pas di bayar mau di ajuin lagi nga bisa di pke ! sangat tidak memuaskan
Djawir ireng,1,2026-06-10 10:10:07,"waktu transaksi ke gopay dri bank. nyangkut 1,5 juta tpi pihak gopay ga mau tanggung jawab.. bngke"
Muhliza Phutry,5,2026-06-10 10:09:38,sangat bagus
dinda syifa,1,2026-06-10 10:09:10,"gw ditipu jink sm gopay, ktnya wdp rp1 khusus setiap pengguna 1x akun, tp gabisa tuh babi"
satria wibawa,5,2026-06-10 10:06:46,mntap mudah dan praktis
Lilis Supriatna,3,2026-06-10 10:02:49,kasih bintang 3 dulu jangan langsung kasih bintang full🤭🤭🤭
RAFIE RAPTILE,5,2026-06-10 09:52:26,mantap
Dolly Zulkarnain,5,2026-06-10 09:51:48,good
Sarmi Kota,5,2026-06-10 09:48:44,mantap
Andi Muhammad Farhan,5,2026-06-10 09:46:20,ini bagus banget
Saler Peler,1,2026-06-10 09:44:44,jelek burik mending dana
Ahmad Bay,5,2026-06-10 09:43:57,sangat bagus dan berguna aplikasi kasih ini👍👍👍
ismet azora,5,2026-06-10 09:42:30,mantap kalii
Nak rantau,5,2026-06-10 09:41:29,proses cepat
Rudi Rudi,5,2026-06-10 09:38:59,sangat bagus
Christiano Jhonsarlen Siburian,1,2026-06-10 09:38:30,Saya sudah kirim pesan email Gopay tapi belum ada balasan sampe sekarang Mengenai masalah Akun GoPay saya!
fais albugisi,5,2026-06-10 09:38:23,asli
Pri Yono,5,2026-06-10 09:37:30,👍 bagus cepat
arya perkasa,1,2026-06-10 09:35:54,yah gitu deh
ahmad afandy,1,2026-06-10 09:30:59,aplikasi gak jelas ganti hp sdh gak bisa log in kalo saldo banyak gmn? nyangkut tolol
Yahya Bae,5,2026-06-10 09:30:14,bagusnya
Keswara Arsa Weda,5,2026-06-10 09:29:18,gopay terima kasih kasi aku uang 51 ribu wajib kasi rating 5 🫡
Sanam,3,2026-06-10 09:27:42,sangat baik n membantu
Mega Mokodompit,5,2026-06-10 09:26:59,bagus dan efisien jadi lebih gampang buat dunia yg serba digital 👍
Furqon adnan Habibi Hilya,5,2026-06-10 09:26:37,nyaman banget
Ria Susanti,5,2026-06-10 09:15:55,"aplikasi ini sangat membantu,tidak ribet sampai saat ini aman yaa , semoga kedepannya jugaa ttp aman tidk ada masalah"
imin marpuah46,5,2026-06-10 09:09:32,baru mencoba
zainab zainab,5,2026-06-10 09:07:25,bagus cepat di mengerti
pandi albian,5,2026-06-10 09:05:47,bagus da aman
Joni Ahmad Mulyana,4,2026-06-10 09:02:12,Terimakasih atas pelayanannya
Iku Naya,1,2026-06-10 09:00:07,gmn anu saldo 25 ga bs masuk dari tdi instal aplikasi mulu dh gua instal masih kek mmk
Ahmad Apandi,5,2026-06-10 08:56:09,baik'
Don Can,1,2026-06-10 08:49:36,"tidak bisa menghubungi pihak gopay untuk berkomunikasi,saya ingin konfirmasi perihal non aktifkan potongan iyuran koperasi saya di bhineka,karna tidak ada manfaat sama sekali buat saya,namun pihak gopay tidak memberikan kesempatan utk konfirmasi perihal non aktifkan potongan iyuran tersebut"
Yudi Yudi Herdiana,5,2026-06-10 08:47:54,mantap dan bisa di percaya
Lily Permana,5,2026-06-10 08:47:06,alhamdulilah sangat membantu buat pekerja kecil seperti aq ini
Hobi Barbershop,5,2026-06-10 08:45:23,terbaik
Aurela123,5,2026-06-10 08:44:17,gatau
Sudjarwo Tedjo,1,2026-06-10 08:43:21,Gopay memang paling parah sejagat anjieng...samgat pelit bangsattd
Sugalih Sugalih,5,2026-06-10 08:40:58,sangat bagus sekali mantap
Zamri Lathif,5,2026-06-10 08:37:07,mantap
Asep Sidik Permana,5,2026-06-10 08:37:05,"cukup bagus dan lancar, tapi harga dikit murah lg dong🤭🤭🤭"
Dewi Toruwe,5,2026-06-10 08:32:35,sangat bagus
Oom Homasi,5,2026-06-10 08:30:41,semua transaksi jadi mudah
Wayan Ngidepdiasa,5,2026-06-10 08:27:29,"paket data murah dan transaksi cepat, pokoknya hebat banget."
Oman Rachman,5,2026-06-10 08:24:10,Buat segala macam pembayaran jadi lebih mudah 👍
Aqila Syahadah,5,2026-06-10 08:19:07,mudah cepat di buat transaksi aman bila menyimpan uang di gopay
Fitria Ayu,5,2026-06-10 08:18:04,"gjls bgt penanganan nya, saya beli pulsa ga masuk masuk. nunggu 24 jam tetap gada refund, saya buat ulangan loh ini!"
Farid prayogo,5,2026-06-10 08:14:06,sangat membantu terimakasih Gopay
M fairuz Cinta,5,2026-06-10 08:13:49,good
MOH. FIKRI,5,2026-06-10 08:05:29,top
Imam Bj,1,2026-06-10 08:04:40,Bayar Gopay Pinjam tidak pernah telat atau jatuh tempo. Tetapi fitur gopay pinjam malah hilang. sudah hubungi CS. Infonya karena kebijakan internal. tidak masuk akal bagi saya. semoga yang lain tidak mengalami hal yang sama dengan saya.
David Ghanny,5,2026-06-10 08:02:24,opsional secara tidak formal
setionoadi7 7,5,2026-06-10 07:59:26,mantap
Prima Tio,1,2026-06-10 07:58:46,kenapa gw udah ngikutin cara pemakaian voucher tapi tetap ga bisa digunakan vouchernya pas ga ada uang transaksi gagal tapi uang ada transaksi nya bisa dan voucher nya ga kepake
Yasnadi Sikumbang,5,2026-06-10 07:57:43,Cocok untuk transfer uang
Zidan Fajri,5,2026-06-10 07:57:41,praktis
Maman abdul rahman,5,2026-06-10 07:54:37,transfer nya cepat
Gam Cantoi,5,2026-06-10 07:52:41,mantap gopay
Muhammad Rezza,5,2026-06-10 07:48:51,enak aja simple gak kayak dana
Ezza Moist,5,2026-06-10 07:47:53,sangat membantu
Hery Dwi Prasetyo,5,2026-06-10 07:47:24,"mudah digunakan,gampang dipahami"
Barz New,5,2026-06-10 07:45:30,bagus
fahqi nurrohman,5,2026-06-10 07:44:28,good jobs
Ricky Atung,4,2026-06-10 07:42:52,bagus
Riski isandra,1,2026-06-10 07:42:26,"promo gimik semua, sama aja gak ada promo,"
aji hariyono,5,2026-06-10 07:41:03,good services
Rizky Niawan,5,2026-06-10 07:40:21,goddd lhh
Sulthn Fauzi,5,2026-06-10 07:39:46,keren
Didik Santuso,5,2026-06-10 07:39:14,sagat baik
Safrin Damsu,5,2026-06-10 07:36:59,mantap
Gauzan Alfa,5,2026-06-10 07:34:18,keren saya suka pelangganan nya
Sirwadi “Andyees” Sirwadi,5,2026-06-10 07:32:21,puas
YUDHA SUNANTO,5,2026-06-10 07:28:55,sanggat bagus dan mudah untuk transaksi
Teteg Budhi,5,2026-06-10 07:17:20,mantapp gopayy👍
Bunda Gita,5,2026-06-10 07:12:28,belanja di gopay tuh udh paling murah .. best pokoknya ..👌👌👍👍👍😍
Suci Kalista,5,2026-06-10 07:06:59,bagus
Narti,5,2026-06-10 07:06:01,bagus
Tete Ruga,5,2026-06-10 06:59:22,mantap
Rasdian syah Rasdian,1,2026-06-10 06:58:35,jhjgi
Cik Fanisa Cha,5,2026-06-10 06:57:47,"sangat bagus membantu semua pembayaran,"
Anjagagah Kotaraja,5,2026-06-10 06:57:03,makasi
Latif Pratama,5,2026-06-10 06:55:56,bagus
Ayi Suryana,5,2026-06-10 06:55:05,minta saldo
RIZKI MAULANA,5,2026-06-10 06:48:39,mantap
Mimin Bin Martono,5,2026-06-10 06:45:05,simpel dan praktis ah
nan anag,1,2026-06-10 06:44:03,klok gasi info itu yg bener lah jgan howak aku pun bisa selamat kmu dpat Indomaret 1rupiyah bisa kan asuuuu
dyan Lestari,1,2026-06-10 06:42:43,baru aja selsai buat akun malah terblokir apk aneh
Sarwat Hidayat,5,2026-06-10 06:42:18,sangat bermanfaat sekali menjadi lebih mudah dalam beraktifitas
ferdana nafel,5,2026-06-10 06:40:50,baik
Rus Li,5,2026-06-10 06:37:22,GoPay Mantap
Wawan,4,2026-06-10 06:37:02,sangat bgus bang
JAYATRI PUSPASARI,5,2026-06-10 06:33:37,best lah.... semua jd mudah berkat GO-PAY
